EventId,EventTemplate,Occurrences
3b9c430d,"Name List is: Response(status=1, msg=Success,",250
78851939,"Query stations for name batch,StationIdNumbers: <*>",500
279bac6f,"[Query Order] Orders don't fit the requirement, loginId: 4d2a46c7-71cb-4cf1-b5bb-b68406d9da6f",500
20d11129,[Query Order][Step 1] Get Orders Number of Account: <*>,500
8f0e5bb7,[Query Orders] Query Orders for 4d2a46c7-71cb-4cf1-b5bb-b68406d9da6f,500
c40ca77f,request for paying denied: org.springframework.web.client.HttpClientErrorException: 403 null,250
e9b6776a,[Get Order By Id] Order Id: <*>,250
6b8fb7d9,[Inside Payment Service][Pay] Pay for: <*>,250
b7c5574f,"Stations name list is : Response(status=1, msg=Success,",250
