EventId,EventTemplate,Occurrences
b619d046,"Route is: <*> <*> <*> distances=[0, 50], <*> <*>",500
f779693f,"Routes Response is : Response(status=1, msg=Success, <*> <*> <*> distances=[0, <*> <*> <*>",750
a222963e,"Query route by id, RouteId: <*>",1250
122e0d4b,[Travel Service][Get Route By Id] Route <*>,1250
8242e916,"Route is: Route{id='a3f256c1-0e43-4f7d-9c21-121bf258101f', stations=[nanjing, suzhou, shanghai], distances=[0, 200, 250], startStationId='nanjing', terminalStationId='shanghai'}",250
124fd0e1,"Routes Response is : Response(status=1, msg=Success, data={id=a3f256c1-0e43-4f7d-9c21-121bf258101f, stations=[nanjing, suzhou, shanghai], distances=[0, 200, 250], startStationId=nanjing, terminalStationId=shanghai})",250
c606810d,"Route is: <*> <*> shanghai], distances=[0, <*> <*> terminalStationId='shanghai'}",250
64cdd90f,"Route is: Route{id='92708982-77af-4318-be25-57ccb0ff69ad', stations=[nanjing, zhenjiang, wuxi, suzhou, shanghai], distances=[0, 100, 150, 200, 250], startStationId='nanjing', terminalStationId='shanghai'}",250
8b37b0c1,"Routes Response is : Response(status=1, msg=Success, data={id=92708982-77af-4318-be25-57ccb0ff69ad, stations=[nanjing, zhenjiang, wuxi, suzhou, shanghai], distances=[0, 100, 150, 200, 250], startStationId=nanjing, terminalStationId=shanghai})",250
8d6325e5,request for ticket info service namelist denyed:org.springframework.web.client.HttpClientErrorException: 403 null,500
bc741cff,Query TripResponse,250
