EventId,EventTemplate,Occurrences
256f030e,calculate <*> time: Sat May <*> <*> CST <*>,2000
257b3a67,"Retrieve train,TrainTypeId: DongCheOne",4000
b90ced81,"Get Rest tickets num is: <*> msg=Get Left Ticket of Internal Success, <*>",2000
eadf497a,"Configs is : Config(name=DirectTicketAllocationProportion, <*> description=Allocation Proportion Of The Direct Ticket - From Start To End)",2000
ebba20a9,Query config DirectTicketAllocationProportion success,2000
b92bdc4e,Retrieve config: DirectTicketAllocationProportion,2000
b456020d,"[getLeftTicketOfInterval] The result of getTrainTypeResult is <*> msg=Success, data=TrainType(id=DongCheOne, <*> <*> <*>",2000
150f44fa,[getLeftTicketOfInterval] The request seat type is <*> and the total num is <*>,2000
fb390e59,"Get train Type by Trip id,TripId: D1345",2000
c3c92ed0,Get Order tickets result is : <*>,2000
d0b6719e,"Left ticket info is empty, seat from date: Wed Jul <*> <*> CST <*> train number: D1345",2000
6c8bb036,[Get Sold Ticket] Date: Wed Jul <*> <*> CST <*>,2000
b67488e8,[ getLeftTicketOfInterval] The result of getRouteResult is Success,2000
62c4ded5,"Route is: Route{id='f3d4d4ef-693b-<:NUM:>-8eed-59c0d717dd08', stations=[shanghai, suzhou], distances=[<:NUM:>, <:NUM:>], startStationId='shanghai', terminalStationId='suzhou'}",3000
db883042,"Routes Response is : Response(status=<:NUM:>, msg=Success, <*> <*> <*> distances=[<:NUM:>, <:NUM:>], <*> <*>",5000
a222963e,"Query route by id, RouteId: <*>",8000
122e0d4b,[Travel Service][Get Route By Id] Route <*>,7000
d30f7a9f,"Get left ticket of interval,TravelDate: Wed Jul <*> <*> CST <*> D1345,SeatType: <*>",2000
61b083b1,"Seat request To String: Seat{travelDate=Wed Jul <*> <*> CST <*> trainNumber='D1345', startStation='shanghai', destStation='suzhou', <*>",4000
0ad87648,[getLeftTicketOfInterval] TrainNumber start with G|D D1345,2000
766e9095,"[Get Route By Trip ID], TripId: D1345",2000
ecfa3753,"Query for Station id is: <*> msg=Success, <*>",6000
5f4076fd,"Query for station id,StationName: <*> <*>",10000
b0a3ee1b,[Query For Station Id] stationName: <*> <*>,8000
aca39a58,Query for stationId by stationName: <*> <*>,6000
9fe975da,"Query ticket info for station id,Name: <*> <*>",6000
c60c47c4,"Order info is: Response(status=<:NUM:>, msg=Success, data=SoldTicket(travelDate=Wed Jul <:NUM:> <:NUM:>:<:NUM:>:<:NUM:> CST <:NUM:>, trainNumber=D1345, noSeat=<:NUM:>, businessSeat=<:NUM:>, firstClassSeat=<:NUM:>, secondClassSeat=<:NUM:>, hardSeat=<:NUM:>, softSeat=<:NUM:>, hardBed=<:NUM:>, softBed=<:NUM:>, highSoftBed=<:NUM:>))",1000
55c6dc7f,[Calculate Sold Ticket] Get Orders Number: <*>,1000
e6aca034,[Calculate Sold Tickets] Date: Wed Jul <*> <*> CST <*> TrainNumber: D1345,1000
9316b764,"Ts-basic-service ticket info is: <*> msg=Success, data={status=true, <*> trainType={id=DongCheOne, <*> <*> <*> <*> <*>",1000
3f45de1d,indexStart: <*> __ indexEnd: <*>,1000
9e756d15,route.getDistances().size: <*>,1000
dec3d92e,startingPlaceId: shanghaiendPlaceId: suzhou,1000
dc3880ad,[Find By Route Id And Train Type],1000
7aab48cc,"Response Resutl to String <*> msg=Success, data={id=d5c4523a-827c-468c-95be-e9024a40572e, trainType=DongCheOne, <*> <*> <*>",1000
1085b08b,"Query price, RouteId: <*> TrainType: DongCheOne",1000
7c92c5b9,[Find By Route And Train Type] Rote: <*> Train Type: DongCheOne,1000
5e83a0d7,[Get Route By Id] Success.,1000
f3044551,"[Query For Price Config] RouteId: <*> ,TrainType: DongCheOne",1000
37e435d1,[Get Route By Id] Route <*>,1000
a4b1e930,[Query Train Type] Train Type: DongCheOne,1000
becc1c0c,[Check Station Exists] stationName: <*> <*>,2000
b1580dc2,"Query for travel: Travel(trip=Trip(tripId=D1345, trainTypeId=DongCheOne, <*> startingStationId=shanghai, stationsId=suzhou, terminalStationId=taiyuan, startingTime=Sat May <*> <*> CST <*> endTime=Sat May <*> <*> CST <*> startingPlace=Shang Hai, endPlace=Su Zhou, departureTime=Wed Jul <*> <*> CST <*>",1000
377547b3,"Query ticket info for travel,Start: Shang Hai,End: Su Zhou",1000
366beb47,"Route is: <*> <*> shanghai], <*> <*> <*> terminalStationId='shanghai'}",2000
aba25ff9,"Route is: Route{id='a3f256c1-0e43-4f7d-9c21-121bf258101f', stations=[nanjing, suzhou, shanghai], <*> <*> <*> startStationId='nanjing', terminalStationId='shanghai'}",1000
afd9f3cf,"Routes Response is : <*> msg=Success, data={id=a3f256c1-0e43-4f7d-9c21-121bf258101f, stations=[nanjing, suzhou, shanghai], <*> <*> <*> startStationId=nanjing, terminalStationId=shanghai})",1000
98f37859,"Routes Response is : <*> msg=Success, <*> stations=[nanjing, zhenjiang, wuxi, suzhou, shanghai], <*> <*> <*> <*> <*> startStationId=nanjing, terminalStationId=shanghai})",1000
2df5a35c,"Route is: <*> stations=[nanjing, zhenjiang, wuxi, suzhou, shanghai], <*> <*> <*> <*> <*> startStationId='nanjing', terminalStationId='shanghai'}",1000
bc741cff,Query TripResponse,1000
