EventId,EventTemplate,Occurrences
8ef43f29,request for station service namelist denyed:org.springframework.web.client.HttpClientErrorException: 403 null,151
65538b05,org.springframework.web.client.HttpClientErrorException: 403 null,151
279bac6f,"[Query Order] Orders don't fit the requirement, loginId: 4d2a46c7-71cb-4cf1-b5bb-b68406d9da6f",151
20d11129,[Query Order][Step 1] Get Orders Number of Account: <*>,151
8f0e5bb7,[Query Orders] Query Orders for 4d2a46c7-71cb-4cf1-b5bb-b68406d9da6f,151
