EventId,EventTemplate,Occurrences
d1679d8b,[Admin Basic Info Service][Find All Config by admin,199
7700c19c,request for getting all configs denied:org.springframework.web.client.HttpClientErrorException: 403 null,200
6eda8244,Refreshing org.springframework.boot.context.embedded.AnnotationConfigEmbeddedWebApplicationContext@37b72ea: startup date [Fri Jul 30 14:12:05 CST 2021]; root of context hierarchy,1
44bf45f7,"No active profile set, falling back to default profiles: default",1
9f0ca77e,Starting AdminBasicInfoApplication v1.0 on ts-admin-basic-info-service-69666c896-m7rhw with PID 1 (/app/ts-admin-basic-info-service-1.0.jar started by root in /),1
7593f452,HV000001: Hibernate Validator 5.3.6.Final,1
e6f1d0c1,"No bean named <*> has been explicitly defined. Therefore, a default <*> will be created.",3
4eac5fb4,Bean <*> of type <*> is not eligible for getting processed by all BeanPostProcessors (for example: not eligible for auto-proxying),7
096b6230,Initializing Spring <*> <*>,2
4e534103,Root WebApplicationContext: initialization completed in 38500 ms,1
e963e776,Starting Servlet Engine: Apache Tomcat/8.5.43,1
b5684193,Starting service [Tomcat],1
dada2c2c,"Initializing ProtocolHandler [""http-nio-18767""]",1
708b0e78,Tomcat <*> <*> port(s): 18767 (http),2
1e635295,Mapping servlet: 'dispatcherServlet' to [/],1
49b33cd1,Mapping filter: <*> to: [/*],8
c5daac56,Mapped <*> || <*> onto public <*> <*>,4
c3bcf5f7,Mapped <*> onto public <*> <*>,22
d16acdef,"Mapped ""{[/error]}"" onto public org.springframework.http.ResponseEntity<java.util.Map<java.lang.String, java.lang.Object>> org.springframework.boot.autoconfigure.web.BasicErrorController.error(javax.servlet.http.HttpServletRequest)",1
c8d6d8a1,Mapped <*> onto <*> <*>,3
6e3a69ad,"Mapped <*> || <*> || application/json]}"" onto public <*> <*>",12
d33d009f,"Mapped ""{[/loggers/{name:.*}],methods=[POST],consumes=[application/vnd.spring-boot.actuator.v1+json || application/json],produces=[application/vnd.spring-boot.actuator.v1+json || application/json]}"" onto public java.lang.Object org.springframework.boot.actuate.endpoint.mvc.LoggersMvcEndpoint.set(java.lang.String,java.util.Map<java.lang.String, java.lang.String>)",1
a39ac1a8,"Mapped ""{[/heapdump || /heapdump.json],methods=[GET],produces=[application/octet-stream]}"" onto public void org.springframework.boot.actuate.endpoint.mvc.HeapdumpMvcEndpoint.invoke(boolean,javax.servlet.http.HttpServletRequest,javax.servlet.http.HttpServletResponse) throws java.io.IOException,javax.servlet.ServletException",1
92608742,Using default security password: a4e3a45d-a8b5-42e0-8ad7-f646307a9bed,1
d4e89ca2,Looking for @ControllerAdvice: org.springframework.boot.context.embedded.AnnotationConfigEmbeddedWebApplicationContext@37b72ea: startup date [Fri Jul 30 14:12:05 CST 2021]; root of context hierarchy,1
5003ac75,"Creating filter chain: org.springframework.boot.actuate.autoconfigure.ManagementWebSecurityAutoConfiguration$LazyEndpointPathRequestMatcher@5e180aaf, [org.springframework.security.web.context.request.async.WebAsyncManagerIntegrationFilter@7015ebef, org.springframework.security.web.context.SecurityContextPersistenceFilter@267f9765, org.springframework.security.web.header.HeaderWriterFilter@4f820f42, org.springframework.web.filter.CorsFilter@44592c39, org.springframework.security.web.authentication.logout.LogoutFilter@7f3fc42f, org.springframework.security.web.authentication.www.BasicAuthenticationFilter@678a9516, org.springframework.security.web.savedrequest.RequestCacheAwareFilter@79ba0a6f, org.springframework.security.web.servletapi.SecurityContextHolderAwareRequestFilter@261de205, org.springframework.security.web.authentication.AnonymousAuthenticationFilter@2a87ba34, org.springframework.security.web.session.SessionManagementFilter@4b325930, org.springframework.security.web.access.ExceptionTranslationFilter@5e002356, org.springframework.security.web.access.intercept.FilterSecurityInterceptor@32a72c4]",1
c2a4e265,Mapped URL path <*> onto handler of type [class org.springframework.web.servlet.resource.ResourceHttpRequestHandler],3
bf342fd6,"Creating filter chain: org.springframework.security.web.util.matcher.AnyRequestMatcher@1, [org.springframework.security.web.context.request.async.WebAsyncManagerIntegrationFilter@5b251fb9, org.springframework.security.web.context.SecurityContextPersistenceFilter@415a3f6a, org.springframework.security.web.header.HeaderWriterFilter@50fdf44f, org.springframework.security.web.authentication.logout.LogoutFilter@5f9f3e58, edu.fudan.common.security.jwt.JWTFilter@67d4c48d, org.springframework.security.web.savedrequest.RequestCacheAwareFilter@19da993b, org.springframework.security.web.servletapi.SecurityContextHolderAwareRequestFilter@c2df90e, org.springframework.security.web.authentication.AnonymousAuthenticationFilter@230a73f2, org.springframework.security.web.session.SessionManagementFilter@7df6d663, org.springframework.security.web.access.ExceptionTranslationFilter@226de93c, org.springframework.security.web.access.intercept.FilterSecurityInterceptor@7af0affa]",1
32c29be3,Initializing ExecutorService 'taskScheduler',1
8f677c30,Located managed bean <*> registering with JMX server as MBean <*>,12
b2a256e6,Starting beans in phase 0,1
b30b465d,Registering beans for JMX exposure on startup,2
7e616b81,Scanning for api listing references,1
caf7c7b8,Found 1 custom documentation plugin(s),1
cbc76583,Context refreshed,1
9d28ab5f,started _org.springframework.integration.errorLogger,1
6aa2448d,Adding {logging-channel-adapter:_org.springframework.integration.errorLogger} as a subscriber to the 'errorChannel' channel,1
ccf78aa9,Channel 'ts-admin-basic-info-service:18767.errorChannel' has 1 subscriber(s).,1
a827d1c6,Using a shared selector for servlet write/read,1
e8243f24,"Starting ProtocolHandler [""http-nio-18767""]",1
6a60802a,Generating unique operation named: <*>,25
ffb7b811,Started AdminBasicInfoApplication in 128.303 seconds (JVM running for 163.117),1
4ea9b405,FrameworkServlet 'dispatcherServlet': initialization completed in 185 ms,1
9790213c,FrameworkServlet 'dispatcherServlet': initialization started,1
